window,score
3,6.458832480941015
0,6.704075477085078
1,6.779187905443023
2,6.843216441356764
