window,score
3,4.191604593974648
0,4.7486310337404305
1,4.839143945014341
2,4.878978150629882
